ExamName,Score,PassScore,PassOrFail,StudentID
MCAT,514,510,True,598
Step 1,249,196,True,598
MCAT,512,510,True,472
Step 1,245,196,True,472
MCAT,499,510,False,707
Step 1,246,196,True,707
MCAT,510,510,True,922
Step 1,251,196,True,922
MCAT,514,510,True,609
Step 1,209,196,True,609
Step 2,217,214,True,609
MCAT,508,510,False,776
Step 1,240,196,True,776
MCAT,515,510,True,388
Step 1,257,196,True,388
MCAT,515,510,True,861
Step 1,264,196,True,861
MCAT,510,510,True,267
Step 1,204,196,True,267
Step 2,213,214,False,267
Step 1,227,196,True,168
Step 2,256,214,True,168
MCAT,503,510,False,142
Step 1,249,196,True,142
MCAT,497,510,False,882
Step 1,194,196,False,882
MCAT,514,510,True,790
Step 1,226,196,True,790
Step 1,215,196,True,148
MCAT,506,510,False,611
Step 1,206,196,True,611
MCAT,515,510,True,555
Step 1,255,196,True,555
MCAT,506,510,False,715
Step 1,197,196,True,715
MCAT,510,510,True,133
Step 1,220,196,True,133
Step 1,238,196,True,271
MCAT,510,510,True,190
Step 1,227,196,True,190
MCAT,515,510,True,489
Step 1,246,196,True,489
Step 1,216,196,True,638
MCAT,508,510,False,876
Step 1,240,196,True,876
Step 1,221,196,True,783
MCAT,515,510,True,641
Step 1,239,196,True,641
MCAT,514,510,True,554
Step 1,248,196,True,554
MCAT,510,510,True,656
Step 1,246,196,True,656
MCAT,508,510,False,446
Step 1,261,196,True,446
MCAT,515,510,True,878
Step 1,244,196,True,878
MCAT,514,510,True,563
Step 1,247,196,True,563
MCAT,519,510,True,308
Step 1,233,196,True,308
MCAT,506,510,False,213
Step 1,234,196,True,213
MCAT,517,510,True,683
Step 1,215,196,True,683
MCAT,506,510,False,464
Step 1,260,196,True,464
Step 2,258,214,True,464
MCAT,506,510,False,633
Step 1,222,196,True,633
MCAT,510,510,True,139
Step 1,228,196,True,139
MCAT,504,510,False,766
Step 1,226,196,True,766
MCAT,512,510,True,522
Step 1,249,196,True,522
MCAT,506,510,False,292
Step 1,230,196,True,292
MCAT,497,510,False,364
Step 1,228,196,True,364
MCAT,512,510,True,414
Step 1,243,196,True,414
MCAT,508,510,False,177
Step 1,258,196,True,177
Step 1,210,196,True,689
Step 2,211,214,False,689
Step 1,233,196,True,594
MCAT,514,510,True,640
Step 1,230,196,True,640
MCAT,512,510,True,434
Step 1,201,196,True,434
MCAT,510,510,True,902
Step 1,249,196,True,902
Step 1,253,196,True,499
Step 1,212,196,True,767
MCAT,503,510,False,129
Step 1,232,196,True,129
MCAT,517,510,True,125
Step 1,234,196,True,125
MCAT,519,510,True,265
Step 1,259,196,True,265
MCAT,512,510,True,799
Step 1,191,196,False,799
MCAT,512,510,True,410
Step 1,233,196,True,410
Step 2,245,214,True,410
MCAT,518,510,True,276
Step 1,233,196,True,276
Step 2,238,214,True,276
MCAT,501,510,False,212
Step 1,230,196,True,212
MCAT,512,510,True,822
Step 1,240,196,True,822
MCAT,506,510,False,225
Step 1,243,196,True,225
Step 1,249,196,True,543
Step 2,259,214,True,543
MCAT,521,510,True,165
Step 1,251,196,True,165
MCAT,503,510,False,873
Step 1,227,196,True,873
MCAT,512,510,True,370
Step 1,248,196,True,370
MCAT,512,510,True,568
Step 1,236,196,True,568
MCAT,508,510,False,810
Step 1,245,196,True,810
MCAT,503,510,False,417
Step 1,220,196,True,417
MCAT,506,510,False,720
Step 1,214,196,True,720
Step 2,256,214,True,720
MCAT,506,510,False,413
Step 1,225,196,True,413
Step 1,228,196,True,597
MCAT,508,510,False,858
Step 1,201,196,True,858
MCAT,509,510,False,111
Step 1,242,196,True,111
Step 2,248,214,True,111
MCAT,504,510,False,786
Step 1,260,196,True,786
Step 2,264,214,True,786
MCAT,512,510,True,564
Step 1,216,196,True,564
Step 2,234,214,True,564
MCAT,509,510,False,219
Step 1,233,196,True,219
Step 2,245,214,True,219
MCAT,515,510,True,606
Step 1,252,196,True,606
Step 2,250,214,True,606
MCAT,516,510,True,670
Step 1,229,196,True,670
Step 2,249,214,True,670
MCAT,507,510,False,623
Step 1,229,196,True,623
Step 2,254,214,True,623
MCAT,505,510,False,270
Step 1,238,196,True,270
Step 2,260,214,True,270
MCAT,504,510,False,175
Step 1,240,196,True,175
Step 2,250,214,True,175
MCAT,504,510,False,534
Step 1,231,196,True,534
Step 2,255,214,True,534
MCAT,508,510,False,750
Step 1,229,196,True,750
Step 2,244,214,True,750
MCAT,507,510,False,890
Step 1,240,196,True,890
Step 2,253,214,True,890
MCAT,505,510,False,288
Step 1,232,196,True,288
Step 2,244,214,True,288
MCAT,505,510,False,326
Step 1,236,196,True,326
Step 2,234,214,True,326
MCAT,509,510,False,857
Step 1,215,196,True,857
Step 2,226,214,True,857
MCAT,508,510,False,745
Step 1,183,196,False,745
Step 2,232,214,True,745
MCAT,517,510,True,791
Step 1,215,196,True,791
Step 2,227,214,True,791
MCAT,509,510,False,264
Step 1,248,196,True,264
Step 2,242,214,True,264
MCAT,509,510,False,584
Step 1,228,196,True,584
Step 2,240,214,True,584
MCAT,504,510,False,881
Step 1,151,196,False,881
MCAT,515,510,True,544
Step 1,238,196,True,544
Step 2,226,214,True,544
MCAT,507,510,False,526
Step 1,203,196,True,526
Step 2,232,214,True,526
MCAT,505,510,False,382
Step 1,229,196,True,382
Step 2,265,214,True,382
MCAT,501,510,False,519
Step 1,215,196,True,519
Step 2,231,214,True,519
MCAT,509,510,False,248
Step 1,219,196,True,248
Step 2,226,214,True,248
MCAT,509,510,False,291
Step 1,223,196,True,291
Step 2,222,214,True,291
MCAT,507,510,False,440
Step 1,228,196,True,440
Step 2,242,214,True,440
MCAT,507,510,False,744
Step 1,255,196,True,744
Step 2,261,214,True,744
MCAT,516,510,True,643
Step 1,252,196,True,643
Step 2,257,214,True,643
MCAT,505,510,False,634
Step 1,233,196,True,634
Step 2,237,214,True,634
MCAT,511,510,True,752
MCAT,511,510,True,172
Step 1,240,196,True,172
Step 2,254,214,True,172
MCAT,513,510,True,327
Step 1,256,196,True,327
Step 2,257,214,True,327
MCAT,503,510,False,836
Step 1,202,196,True,836
Step 2,231,214,True,836
MCAT,508,510,False,612
Step 1,239,196,True,612
Step 2,244,214,True,612
MCAT,512,510,True,832
Step 1,262,196,True,832
Step 2,262,214,True,832
MCAT,515,510,True,122
Step 1,234,196,True,122
Step 2,250,214,True,122
MCAT,505,510,False,839
Step 1,239,196,True,839
Step 2,239,214,True,839
MCAT,511,510,True,694
Step 1,261,196,True,694
Step 2,257,214,True,694
MCAT,512,510,True,351
Step 1,249,196,True,351
Step 2,263,214,True,351
MCAT,517,510,True,901
Step 1,223,196,True,901
Step 2,234,214,True,901
MCAT,505,510,False,383
Step 1,214,196,True,383
Step 2,251,214,True,383
MCAT,511,510,True,811
Step 1,231,196,True,811
Step 2,242,214,True,811
MCAT,508,510,False,209
Step 1,219,196,True,209
Step 2,240,214,True,209
MCAT,512,510,True,871
Step 1,247,196,True,871
Step 2,249,214,True,871
MCAT,512,510,True,396
Step 1,235,196,True,396
Step 2,261,214,True,396
MCAT,504,510,False,186
Step 1,210,196,True,186
Step 2,235,214,True,186
MCAT,505,510,False,566
Step 1,210,196,True,566
Step 2,236,214,True,566
MCAT,511,510,True,245
Step 1,232,196,True,245
Step 2,262,214,True,245
MCAT,508,510,False,319
Step 1,221,196,True,319
Step 2,236,214,True,319
MCAT,500,510,False,607
Step 1,182,196,False,607
Step 2,243,214,True,607
MCAT,513,510,True,567
Step 1,229,196,True,567
Step 2,246,214,True,567
MCAT,511,510,True,787
Step 1,186,196,False,787
Step 2,234,214,True,787
MCAT,511,510,True,747
Step 1,249,196,True,747
Step 2,249,214,True,747
MCAT,507,510,False,506
Step 1,210,196,True,506
Step 2,196,214,False,506
MCAT,517,510,True,845
Step 1,255,196,True,845
Step 2,257,214,True,845
MCAT,508,510,False,320
Step 1,211,196,True,320
MCAT,504,510,False,868
Step 1,221,196,True,868
Step 2,244,214,True,868
MCAT,505,510,False,537
Step 1,217,196,True,537
Step 2,236,214,True,537
MCAT,515,510,True,361
Step 1,246,196,True,361
Step 2,241,214,True,361
MCAT,511,510,True,813
Step 1,204,196,True,813
Step 2,213,214,False,813
MCAT,500,510,False,769
Step 1,248,196,True,769
Step 2,246,214,True,769
MCAT,507,510,False,345
Step 1,187,196,False,345
Step 2,214,214,True,345
MCAT,508,510,False,102
Step 1,251,196,True,102
Step 2,259,214,True,102
MCAT,507,510,False,344
Step 1,197,196,True,344
Step 2,229,214,True,344
MCAT,509,510,False,815
Step 1,224,196,True,815
Step 2,238,214,True,815
MCAT,511,510,True,508
Step 1,234,196,True,508
Step 2,240,214,True,508
MCAT,507,510,False,314
Step 1,218,196,True,314
Step 2,241,214,True,314
MCAT,513,510,True,781
Step 1,249,196,True,781
Step 2,256,214,True,781
MCAT,505,510,False,652
Step 1,203,196,True,652
Step 2,195,214,False,652
MCAT,504,510,False,736
Step 1,218,196,True,736
Step 2,249,214,True,736
MCAT,505,510,False,571
Step 1,165,196,False,571
MCAT,508,510,False,732
Step 1,200,196,True,732
Step 2,227,214,True,732
MCAT,505,510,False,497
Step 1,191,196,False,497
MCAT,508,510,False,911
Step 1,231,196,True,911
Step 2,235,214,True,911
MCAT,508,510,False,520
Step 1,229,196,True,520
Step 2,248,214,True,520
MCAT,508,510,False,115
Step 1,235,196,True,115
Step 2,218,214,True,115
MCAT,512,510,True,553
Step 1,187,196,False,553
MCAT,507,510,False,113
Step 1,244,196,True,113
Step 2,237,214,True,113
MCAT,512,510,True,770
Step 1,217,196,True,770
Step 2,215,214,True,770
MCAT,501,510,False,880
Step 1,216,196,True,880
Step 2,231,214,True,880
MCAT,507,510,False,201
Step 1,217,196,True,201
Step 2,245,214,True,201
MCAT,513,510,True,193
Step 1,228,196,True,193
Step 2,260,214,True,193
MCAT,505,510,False,483
Step 1,193,196,False,483
Step 2,217,214,True,483
MCAT,508,510,False,660
Step 1,219,196,True,660
Step 2,256,214,True,660
MCAT,508,510,False,373
Step 1,234,196,True,373
Step 2,245,214,True,373
MCAT,516,510,True,206
Step 1,248,196,True,206
Step 2,261,214,True,206
MCAT,509,510,False,400
Step 1,247,196,True,400
Step 2,250,214,True,400
MCAT,508,510,False,463
Step 1,226,196,True,463
Step 2,245,214,True,463
MCAT,512,510,True,763
Step 1,246,196,True,763
Step 2,254,214,True,763
MCAT,512,510,True,170
Step 1,259,196,True,170
Step 2,263,214,True,170
MCAT,508,510,False,461
Step 1,177,196,False,461
MCAT,512,510,True,759
Step 1,244,196,True,759
Step 2,254,214,True,759
MCAT,508,510,False,511
Step 1,231,196,True,511
Step 2,244,214,True,511
MCAT,512,510,True,604
Step 1,236,196,True,604
Step 2,245,214,True,604
MCAT,505,510,False,666
Step 1,237,196,True,666
Step 2,245,214,True,666
MCAT,513,510,True,242
Step 1,221,196,True,242
Step 2,260,214,True,242
MCAT,515,510,True,849
Step 1,229,196,True,849
Step 2,242,214,True,849
MCAT,515,510,True,703
Step 1,248,196,True,703
Step 2,264,214,True,703
MCAT,508,510,False,773
Step 1,240,196,True,773
Step 2,225,214,True,773
MCAT,516,510,True,477
Step 1,252,196,True,477
Step 2,264,214,True,477
MCAT,513,510,True,456
Step 1,202,196,True,456
Step 2,228,214,True,456
MCAT,504,510,False,108
Step 1,187,196,False,108
Step 2,200,214,False,108
MCAT,509,510,False,742
Step 1,251,196,True,742
Step 2,266,214,True,742
MCAT,513,510,True,589
Step 1,258,196,True,589
Step 2,254,214,True,589
MCAT,503,510,False,888
Step 1,218,196,True,888
Step 2,235,214,True,888
MCAT,512,510,True,405
Step 1,194,196,False,405
Step 2,206,214,False,405
MCAT,511,510,True,386
Step 1,233,196,True,386
Step 2,232,214,True,386
MCAT,504,510,False,332
Step 1,223,196,True,332
Step 2,241,214,True,332
MCAT,505,510,False,391
Step 1,233,196,True,391
Step 2,250,214,True,391
MCAT,511,510,True,693
Step 1,230,196,True,693
Step 2,237,214,True,693
MCAT,507,510,False,136
Step 1,249,196,True,136
Step 2,259,214,True,136
MCAT,511,510,True,751
Step 1,259,196,True,751
Step 2,267,214,True,751
MCAT,517,510,True,559
Step 1,221,196,True,559
Step 2,256,214,True,559
MCAT,515,510,True,784
Step 1,225,196,True,784
Step 2,223,214,True,784
MCAT,505,510,False,491
Step 1,239,196,True,491
Step 2,260,214,True,491
MCAT,507,510,False,214
Step 1,209,196,True,214
Step 2,230,214,True,214
MCAT,505,510,False,818
Step 1,220,196,True,818
Step 2,233,214,True,818
MCAT,511,510,True,515
Step 1,248,196,True,515
Step 2,253,214,True,515
MCAT,513,510,True,661
Step 1,235,196,True,661
Step 2,255,214,True,661
MCAT,505,510,False,749
Step 1,262,196,True,749
Step 2,259,214,True,749
MCAT,511,510,True,550
Step 1,260,196,True,550
Step 2,271,214,True,550
MCAT,508,510,False,120
Step 1,248,196,True,120
Step 2,255,214,True,120
MCAT,512,510,True,525
Step 1,239,196,True,525
Step 2,259,214,True,525
MCAT,515,510,True,572
Step 1,218,196,True,572
Step 2,237,214,True,572
MCAT,509,510,False,837
Step 1,211,196,True,837
Step 2,229,214,True,837
MCAT,515,510,True,872
Step 1,255,196,True,872
Step 2,253,214,True,872
MCAT,507,510,False,262
Step 1,202,196,True,262
Step 2,233,214,True,262
MCAT,509,510,False,883
Step 1,230,196,True,883
Step 2,252,214,True,883
MCAT,512,510,True,805
Step 1,225,196,True,805
Step 2,251,214,True,805
MCAT,507,510,False,460
Step 1,204,196,True,460
Step 2,226,214,True,460
MCAT,509,510,False,622
Step 1,218,196,True,622
Step 2,239,214,True,622
MCAT,507,510,False,166
Step 1,216,196,True,166
Step 2,247,214,True,166
MCAT,508,510,False,137
Step 1,225,196,True,137
Step 2,235,214,True,137
MCAT,505,510,False,721
Step 1,246,196,True,721
Step 2,263,214,True,721
MCAT,513,510,True,748
Step 1,239,196,True,748
Step 2,247,214,True,748
MCAT,511,510,True,106
Step 1,215,196,True,106
Step 2,243,214,True,106
MCAT,513,510,True,379
Step 1,242,196,True,379
Step 2,256,214,True,379
MCAT,511,510,True,918
Step 1,217,196,True,918
Step 2,244,214,True,918
MCAT,504,510,False,266
Step 1,210,196,True,266
Step 2,242,214,True,266
MCAT,507,510,False,495
Step 1,222,196,True,495
Step 2,258,214,True,495
MCAT,508,510,False,390
Step 1,236,196,True,390
Step 2,261,214,True,390
MCAT,501,510,False,103
Step 1,224,196,True,103
Step 2,233,214,True,103
MCAT,512,510,True,548
Step 1,230,196,True,548
Step 2,242,214,True,548
MCAT,519,510,True,532
Step 1,246,196,True,532
Step 2,270,214,True,532
MCAT,508,510,False,229
Step 1,242,196,True,229
Step 2,254,214,True,229
MCAT,499,510,False,912
Step 1,233,196,True,912
Step 2,249,214,True,912
MCAT,511,510,True,866
Step 1,234,196,True,866
Step 2,263,214,True,866
MCAT,509,510,False,348
Step 1,230,196,True,348
Step 2,242,214,True,348
MCAT,507,510,False,268
Step 1,235,196,True,268
Step 2,245,214,True,268
MCAT,511,510,True,187
Step 1,222,196,True,187
Step 2,235,214,True,187
CBSE,63,70,False,187
MCAT,503,510,False,481
Step 1,157,196,False,481
CBSE,51,70,False,481
MCAT,513,510,True,253
Step 1,253,196,True,253
Step 2,267,214,True,253
MCAT,508,510,False,825
MCAT,512,510,True,734
Step 1,245,196,True,734
Step 2,251,214,True,734
MCAT,508,510,False,716
Step 1,224,196,True,716
Step 2,246,214,True,716
MCAT,500,510,False,929
Step 1,191,196,False,929
Step 2,227,214,True,929
MCAT,509,510,False,210
Step 1,248,196,True,210
Step 2,268,214,True,210
MCAT,516,510,True,627
Step 1,247,196,True,627
Step 2,262,214,True,627
MCAT,504,510,False,252
Step 1,216,196,True,252
Step 2,247,214,True,252
MCAT,511,510,True,110
Step 1,236,196,True,110
Step 2,260,214,True,110
MCAT,509,510,False,282
Step 1,224,196,True,282
Step 2,251,214,True,282
MCAT,517,510,True,221
Step 1,243,196,True,221
Step 2,259,214,True,221
CBSE,70,70,True,221
MCAT,508,510,False,539
Step 1,193,196,False,539
Step 2,226,214,True,539
CBSE,65,70,False,539
MCAT,505,510,False,560
Step 1,256,196,True,560
Step 2,262,214,True,560
MCAT,513,510,True,577
Step 1,237,196,True,577
Step 2,240,214,True,577
MCAT,509,510,False,411
Step 1,225,196,True,411
Step 2,252,214,True,411
MCAT,512,510,True,158
Step 1,239,196,True,158
Step 2,250,214,True,158
MCAT,505,510,False,521
Step 1,206,196,True,521
Step 2,232,214,True,521
MCAT,509,510,False,307
Step 1,255,196,True,307
Step 2,254,214,True,307
MCAT,511,510,True,444
Step 1,244,196,True,444
Step 2,249,214,True,444
MCAT,507,510,False,182
Step 1,205,196,True,182
Step 2,216,214,True,182
MCAT,507,510,False,679
Step 1,217,196,True,679
Step 2,236,214,True,679
MCAT,507,510,False,284
Step 1,213,196,True,284
Step 2,242,214,True,284
MCAT,511,510,True,490
Step 1,227,196,True,490
Step 2,241,214,True,490
CBSE,49,70,False,490
MCAT,505,510,False,487
Step 1,170,196,False,487
Step 2,238,214,True,487
CBSE,44,70,False,487
MCAT,508,510,False,711
Step 1,246,196,True,711
Step 2,241,214,True,711
MCAT,509,510,False,228
Step 1,224,196,True,228
Step 2,244,214,True,228
MCAT,509,510,False,392
Step 1,236,196,True,392
Step 2,256,214,True,392
MCAT,504,510,False,714
Step 1,237,196,True,714
Step 2,259,214,True,714
MCAT,507,510,False,686
Step 1,226,196,True,686
Step 2,223,214,True,686
MCAT,505,510,False,850
Step 1,208,196,True,850
Step 2,233,214,True,850
MCAT,505,510,False,504
Step 1,205,196,True,504
Step 2,216,214,True,504
MCAT,504,510,False,317
Step 1,198,196,True,317
Step 2,221,214,True,317
MCAT,509,510,False,358
Step 1,217,196,True,358
Step 2,250,214,True,358
MCAT,505,510,False,904
Step 1,238,196,True,904
Step 2,233,214,True,904
MCAT,507,510,False,726
Step 1,222,196,True,726
Step 2,244,214,True,726
MCAT,512,510,True,101
Step 1,232,196,True,101
Step 2,256,214,True,101
MCAT,507,510,False,671
Step 1,232,196,True,671
Step 2,259,214,True,671
MCAT,508,510,False,895
Step 1,227,196,True,895
Step 2,233,214,True,895
MCAT,504,510,False,241
Step 1,209,196,True,241
Step 2,232,214,True,241
MCAT,513,510,True,371
Step 1,217,196,True,371
Step 2,230,214,True,371
MCAT,512,510,True,651
Step 1,190,196,False,651
Step 2,224,214,True,651
MCAT,512,510,True,669
Step 1,238,196,True,669
Step 2,253,214,True,669
MCAT,509,510,False,246
Step 1,203,196,True,246
Step 2,215,214,True,246
MCAT,517,510,True,422
Step 1,230,196,True,422
Step 2,249,214,True,422
MCAT,512,510,True,709
Step 1,236,196,True,709
Step 2,250,214,True,709
MCAT,508,510,False,779
Step 1,211,196,True,779
Step 2,232,214,True,779
MCAT,505,510,False,535
Step 1,242,196,True,535
Step 2,253,214,True,535
MCAT,509,510,False,501
Step 1,210,196,True,501
Step 2,230,214,True,501
MCAT,512,510,True,498
Step 1,239,196,True,498
Step 2,239,214,True,498
MCAT,507,510,False,674
Step 1,213,196,True,674
Step 2,228,214,True,674
MCAT,501,510,False,359
Step 1,224,196,True,359
Step 2,246,214,True,359
MCAT,508,510,False,531
Step 1,244,196,True,531
Step 2,245,214,True,531
MCAT,509,510,False,468
Step 1,231,196,True,468
Step 2,242,214,True,468
MCAT,515,510,True,169
Step 1,212,196,True,169
Step 2,222,214,True,169
MCAT,508,510,False,817
Step 1,226,196,True,817
Step 2,247,214,True,817
MCAT,509,510,False,542
Step 1,240,196,True,542
Step 2,243,214,True,542
MCAT,504,510,False,119
MCAT,513,510,True,362
CBSE,77,70,True,362
MCAT,508,510,False,807
Step 1,253,196,True,807
Step 2,262,214,True,807
CBSE,74,70,True,807
CBSE,69,70,False,807
MCAT,513,510,True,385
Step 1,218,196,True,385
Step 2,254,214,True,385
CBSE,55,70,False,385
CBSE,82,70,True,385
MCAT,508,510,False,316
Step 1,261,196,True,316
Step 2,268,214,True,316
CBSE,67,70,False,316
CBSE,94,70,True,316
MCAT,509,510,False,406
Step 1,256,196,True,406
Step 2,259,214,True,406
CBSE,76,70,True,406
CBSE,69,70,False,406
MCAT,508,510,False,696
Step 1,239,196,True,696
Step 2,245,214,True,696
CBSE,57,70,False,696
CBSE,77,70,True,696
MCAT,513,510,True,376
Step 1,254,196,True,376
Step 2,263,214,True,376
CBSE,66,70,False,376
CBSE,58,70,False,376
MCAT,508,510,False,451
Step 1,219,196,True,451
Step 2,213,214,False,451
CBSE,53,70,False,451
CBSE,61,70,False,451
MCAT,514,510,True,352
Step 1,214,196,True,352
Step 2,232,214,True,352
CBSE,47,70,False,352
CBSE,67,70,False,352
MCAT,516,510,True,540
Step 1,226,196,True,540
Step 2,218,214,True,540
CBSE,65,70,False,540
CBSE,61,70,False,540
MCAT,507,510,False,738
Step 1,203,196,True,738
Step 2,258,214,True,738
CBSE,52,70,False,738
CBSE,63,70,False,738
MCAT,508,510,False,717
Step 1,234,196,True,717
Step 2,236,214,True,717
CBSE,51,70,False,717
CBSE,60,70,False,717
MCAT,500,510,False,466
Step 1,205,196,True,466
Step 2,226,214,True,466
CBSE,49,70,False,466
CBSE,61,70,False,466
MCAT,509,510,False,919
Step 1,205,196,True,919
Step 2,213,214,False,919
CBSE,55,70,False,919
CBSE,58,70,False,919
MCAT,502,510,False,621
Step 1,208,196,True,621
Step 2,227,214,True,621
CBSE,51,70,False,621
CBSE,72,70,True,621
MCAT,519,510,True,146
Step 1,245,196,True,146
Step 2,250,214,True,146
CBSE,69,70,False,146
MCAT,503,510,False,690
CBSE,59,70,False,690
MCAT,507,510,False,437
Step 1,184,196,False,437
Step 2,209,214,False,437
CBSE,44,70,False,437
CBSE,65,70,False,437
MCAT,509,510,False,797
Step 1,218,196,True,797
Step 2,237,214,True,797
CBSE,51,70,False,797
CBSE,62,70,False,797
MCAT,504,510,False,321
Step 1,202,196,True,321
Step 2,238,214,True,321
CBSE,51,70,False,321
CBSE,57,70,False,321
MCAT,509,510,False,239
Step 1,222,196,True,239
Step 2,239,214,True,239
CBSE,56,70,False,239
CBSE,62,70,False,239
MCAT,513,510,True,856
Step 1,201,196,True,856
Step 2,220,214,True,856
CBSE,53,70,False,856
CBSE,70,70,True,856
MCAT,508,510,False,570
Step 1,229,196,True,570
Step 2,251,214,True,570
CBSE,53,70,False,570
CBSE,54,70,False,570
MCAT,507,510,False,625
Step 1,206,196,True,625
Step 2,237,214,True,625
CBSE,52,70,False,625
CBSE,69,70,False,625
MCAT,515,510,True,838
Step 1,235,196,True,838
Step 2,257,214,True,838
CBSE,64,70,False,838
CBSE,67,70,False,838
MCAT,519,510,True,163
Step 1,228,196,True,163
Step 2,258,214,True,163
CBSE,56,70,False,163
CBSE,86,70,True,163
MCAT,507,510,False,518
Step 1,257,196,True,518
Step 2,256,214,True,518
CBSE,63,70,False,518
CBSE,76,70,True,518
MCAT,518,510,True,278
Step 1,240,196,True,278
Step 2,259,214,True,278
CBSE,67,70,False,278
CBSE,78,70,True,278
MCAT,512,510,True,482
Step 1,247,196,True,482
Step 2,260,214,True,482
CBSE,59,70,False,482
CBSE,86,70,True,482
MCAT,516,510,True,441
Step 1,255,196,True,441
Step 2,270,214,True,441
CBSE,67,70,False,441
CBSE,59,70,False,441
MCAT,499,510,False,648
Step 1,222,196,True,648
Step 2,218,214,True,648
CBSE,53,70,False,648
CBSE,53,70,False,648
MCAT,502,510,False,615
Step 1,213,196,True,615
Step 2,225,214,True,615
CBSE,51,70,False,615
CBSE,80,70,True,615
MCAT,508,510,False,718
Step 1,248,196,True,718
Step 2,259,214,True,718
CBSE,67,70,False,718
CBSE,76,70,True,718
MCAT,508,510,False,285
Step 1,249,196,True,285
Step 2,254,214,True,285
CBSE,63,70,False,285
CBSE,63,70,False,285
MCAT,502,510,False,161
Step 1,220,196,True,161
Step 2,246,214,True,161
CBSE,50,70,False,161
CBSE,70,70,True,161
MCAT,509,510,False,380
Step 1,226,196,True,380
Step 2,252,214,True,380
CBSE,51,70,False,380
CBSE,67,70,False,380
MCAT,509,510,False,725
Step 1,209,196,True,725
Step 2,248,214,True,725
CBSE,54,70,False,725
CBSE,58,70,False,725
MCAT,504,510,False,513
Step 1,225,196,True,513
Step 2,229,214,True,513
CBSE,48,70,False,513
CBSE,61,70,False,513
Step 1,217,196,True,339
Step 2,247,214,True,339
CBSE,47,70,False,339
CBSE,75,70,True,339
MCAT,502,510,False,318
Step 1,235,196,True,318
Step 2,255,214,True,318
CBSE,59,70,False,318
CBSE,53,70,False,318
MCAT,503,510,False,826
Step 1,220,196,True,826
Step 2,234,214,True,826
CBSE,47,70,False,826
CBSE,70,70,True,826
MCAT,512,510,True,777
Step 1,217,196,True,777
Step 2,250,214,True,777
CBSE,63,70,False,777
CBSE,64,70,False,777
MCAT,501,510,False,188
Step 1,222,196,True,188
Step 2,266,214,True,188
CBSE,57,70,False,188
CBSE,85,70,True,188
MCAT,517,510,True,590
Step 1,263,196,True,590
Step 2,264,214,True,590
CBSE,66,70,False,590
CBSE,62,70,False,590
MCAT,506,510,False,107
Step 1,232,196,True,107
Step 2,243,214,True,107
CBSE,46,70,False,107
CBSE,70,70,True,107
MCAT,509,510,False,367
Step 1,240,196,True,367
Step 2,252,214,True,367
CBSE,54,70,False,367
CBSE,53,70,False,367
MCAT,508,510,False,617
Step 1,190,196,False,617
Step 2,232,214,True,617
CBSE,49,70,False,617
CBSE,57,70,False,617
MCAT,511,510,True,294
Step 1,210,196,True,294
Step 2,223,214,True,294
CBSE,50,70,False,294
CBSE,67,70,False,294
MCAT,505,510,False,585
Step 1,217,196,True,585
Step 2,252,214,True,585
CBSE,52,70,False,585
CBSE,79,70,True,585
MCAT,505,510,False,207
Step 1,257,196,True,207
Step 2,265,214,True,207
CBSE,64,70,False,207
CBSE,65,70,False,207
MCAT,514,510,True,215
Step 1,221,196,True,215
Step 2,235,214,True,215
CBSE,51,70,False,215
CBSE,65,70,False,215
MCAT,511,510,True,428
Step 1,218,196,True,428
Step 2,233,214,True,428
CBSE,57,70,False,428
CBSE,77,70,True,428
MCAT,511,510,True,765
Step 1,244,196,True,765
Step 2,234,214,True,765
CBSE,64,70,False,765
CBSE,73,70,True,765
MCAT,508,510,False,701
Step 1,235,196,True,701
Step 2,239,214,True,701
CBSE,66,70,False,701
CBSE,67,70,False,701
MCAT,512,510,True,293
Step 1,229,196,True,293
Step 2,241,214,True,293
CBSE,52,70,False,293
CBSE,75,70,True,293
MCAT,502,510,False,404
Step 1,242,196,True,404
Step 2,251,214,True,404
CBSE,61,70,False,404
CBSE,58,70,False,404
MCAT,504,510,False,488
Step 1,201,196,True,488
Step 2,230,214,True,488
CBSE,48,70,False,488
CBSE,73,70,True,488
MCAT,512,510,True,692
Step 1,247,196,True,692
Step 2,266,214,True,692
CBSE,68,70,False,692
CBSE,65,70,False,692
MCAT,507,510,False,909
Step 1,243,196,True,909
Step 2,241,214,True,909
CBSE,58,70,False,909
CBSE,76,70,True,909
MCAT,512,510,True,438
Step 1,245,196,True,438
Step 2,263,214,True,438
CBSE,62,70,False,438
CBSE,55,70,False,438
MCAT,500,510,False,915
Step 1,208,196,True,915
Step 2,221,214,True,915
CBSE,44,70,False,915
CBSE,66,70,False,915
MCAT,505,510,False,907
Step 1,239,196,True,907
Step 2,250,214,True,907
CBSE,53,70,False,907
CBSE,65,70,False,907
MCAT,510,510,True,561
Step 1,231,196,True,561
Step 2,239,214,True,561
CBSE,59,70,False,561
CBSE,83,70,True,561
MCAT,507,510,False,355
Step 1,238,196,True,355
Step 2,244,214,True,355
CBSE,62,70,False,355
CBSE,59,70,False,355
MCAT,501,510,False,782
Step 1,208,196,True,782
Step 2,244,214,True,782
CBSE,46,70,False,782
CBSE,79,70,True,782
MCAT,508,510,False,875
Step 1,250,196,True,875
Step 2,263,214,True,875
CBSE,67,70,False,875
CBSE,75,70,True,875
MCAT,517,510,True,202
Step 1,248,196,True,202
Step 2,241,214,True,202
CBSE,69,70,False,202
CBSE,75,70,True,202
MCAT,507,510,False,847
Step 1,223,196,True,847
Step 2,255,214,True,847
CBSE,58,70,False,847
CBSE,66,70,False,847
MCAT,501,510,False,796
Step 1,208,196,True,796
Step 2,244,214,True,796
CBSE,61,70,False,796
CBSE,99,70,True,796
MCAT,507,510,False,899
Step 1,265,196,True,899
Step 2,273,214,True,899
CBSE,83,70,True,899
CBSE,70,70,True,899
MCAT,515,510,True,705
Step 1,218,196,True,705
Step 2,251,214,True,705
CBSE,63,70,False,705
CBSE,67,70,False,705
MCAT,504,510,False,247
Step 1,215,196,True,247
Step 2,248,214,True,247
CBSE,61,70,False,247
CBSE,23,70,False,247
MCAT,501,510,False,334
Step 1,166,196,False,334
CBSE,46,70,False,334
CBSE,63,70,False,334
MCAT,512,510,True,639
Step 1,212,196,True,639
Step 2,218,214,True,639
CBSE,64,70,False,639
MCAT,495,510,False,143
CBSE,83,70,True,143
MCAT,516,510,True,199
Step 1,235,196,True,199
Step 2,263,214,True,199
CBSE,77,70,True,199
CBSE,80,70,True,199
MCAT,506,510,False,700
Step 1,244,196,True,700
Step 2,258,214,True,700
CBSE,70,70,True,700
CBSE,66,70,False,700
MCAT,506,510,False,892
Step 1,202,196,True,892
Step 2,237,214,True,892
CBSE,60,70,False,892
CBSE,69,70,False,892
MCAT,509,510,False,887
Step 1,234,196,True,887
Step 2,249,214,True,887
CBSE,59,70,False,887
CBSE,64,70,False,887
MCAT,505,510,False,658
Step 1,202,196,True,658
Step 2,270,214,True,658
CBSE,56,70,False,658
CBSE,64,70,False,658
MCAT,497,510,False,565
Step 1,218,196,True,565
Step 2,263,214,True,565
CBSE,55,70,False,565
CBSE,42,70,False,565
MCAT,507,510,False,926
CBSE,37,70,False,926
CBSE,77,70,True,926
MCAT,506,510,False,602
Step 1,240,196,True,602
Step 2,220,214,True,602
CBSE,66,70,False,602
CBSE,61,70,False,602
MCAT,511,510,True,800
Step 1,193,196,False,800
Step 2,227,214,True,800
CBSE,56,70,False,800
CBSE,67,70,False,800
MCAT,507,510,False,436
Step 1,228,196,True,436
Step 2,237,214,True,436
CBSE,63,70,False,436
CBSE,79,70,True,436
MCAT,505,510,False,335
Step 1,238,196,True,335
Step 2,252,214,True,335
CBSE,69,70,False,335
CBSE,88,70,True,335
MCAT,516,510,True,452
Step 1,248,196,True,452
Step 2,251,214,True,452
CBSE,64,70,False,452
MCAT,506,510,False,216
CBSE,56,70,False,216
MCAT,506,510,False,104
Step 1,216,196,True,104
Step 2,233,214,True,104
CBSE,53,70,False,104
CBSE,77,70,True,104
MCAT,506,510,False,230
Step 1,229,196,True,230
Step 2,242,214,True,230
CBSE,60,70,False,230
CBSE,81,70,True,230
MCAT,508,510,False,254
Step 1,222,196,True,254
Step 2,255,214,True,254
CBSE,68,70,False,254
CBSE,73,70,True,254
MCAT,501,510,False,733
Step 1,239,196,True,733
Step 2,249,214,True,733
CBSE,64,70,False,733
CBSE,57,70,False,733
MCAT,500,510,False,458
Step 1,233,196,True,458
Step 2,249,214,True,458
CBSE,61,70,False,458
CBSE,84,70,True,458
MCAT,505,510,False,795
Step 1,237,196,True,795
Step 2,250,214,True,795
CBSE,67,70,False,795
CBSE,80,70,True,795
MCAT,508,510,False,297
Step 1,258,196,True,297
Step 2,252,214,True,297
CBSE,70,70,True,297
CBSE,70,70,True,297
MCAT,510,510,True,493
Step 1,212,196,True,493
Step 2,244,214,True,493
CBSE,59,70,False,493
CBSE,81,70,True,493
MCAT,505,510,False,343
Step 1,251,196,True,343
Step 2,256,214,True,343
CBSE,70,70,True,343
CBSE,60,70,False,343
MCAT,500,510,False,772
Step 1,210,196,True,772
Step 2,219,214,True,772
CBSE,56,70,False,772
CBSE,67,70,False,772
MCAT,504,510,False,287
Step 1,236,196,True,287
Step 2,222,214,True,287
CBSE,63,70,False,287
CBSE,76,70,True,287
MCAT,508,510,False,465
Step 1,230,196,True,465
Step 2,248,214,True,465
CBSE,61,70,False,465
CBSE,62,70,False,465
MCAT,508,510,False,529
Step 1,205,196,True,529
Step 2,255,214,True,529
CBSE,55,70,False,529
CBSE,75,70,True,529
MCAT,503,510,False,908
Step 1,236,196,True,908
Step 2,251,214,True,908
CBSE,62,70,False,908
CBSE,67,70,False,908
MCAT,508,510,False,829
Step 1,233,196,True,829
Step 2,256,214,True,829
CBSE,62,70,False,829
CBSE,78,70,True,829
MCAT,501,510,False,256
Step 1,226,196,True,256
Step 2,239,214,True,256
CBSE,55,70,False,256
CBSE,79,70,True,256
MCAT,517,510,True,324
Step 1,252,196,True,324
Step 2,266,214,True,324
CBSE,69,70,False,324
CBSE,66,70,False,324
MCAT,504,510,False,758
Step 1,222,196,True,758
Step 2,219,214,True,758
CBSE,56,70,False,758
CBSE,69,70,False,758
MCAT,503,510,False,280
Step 1,230,196,True,280
Step 2,240,214,True,280
CBSE,56,70,False,280
CBSE,68,70,False,280
MCAT,510,510,True,645
Step 1,219,196,True,645
Step 2,218,214,True,645
CBSE,57,70,False,645
CBSE,80,70,True,645
MCAT,508,510,False,603
Step 1,251,196,True,603
Step 2,260,214,True,603
CBSE,68,70,False,603
CBSE,81,70,True,603
MCAT,517,510,True,368
Step 1,248,196,True,368
Step 2,270,214,True,368
CBSE,79,70,True,368
CBSE,65,70,False,368
MCAT,508,510,False,569
Step 1,236,196,True,569
Step 2,252,214,True,569
CBSE,60,70,False,569
CBSE,63,70,False,569
MCAT,508,510,False,512
Step 1,216,196,True,512
Step 2,237,214,True,512
CBSE,60,70,False,512
CBSE,68,70,False,512
MCAT,508,510,False,462
Step 1,218,196,True,462
Step 2,236,214,True,462
CBSE,55,70,False,462
CBSE,71,70,True,462
MCAT,508,510,False,680
Step 1,244,196,True,680
Step 2,249,214,True,680
CBSE,57,70,False,680
CBSE,60,70,False,680
MCAT,502,510,False,831
Step 1,219,196,True,831
Step 2,230,214,True,831
CBSE,49,70,False,831
CBSE,64,70,False,831
MCAT,505,510,False,576
Step 1,189,196,False,576
Step 2,234,214,True,576
CBSE,60,70,False,576
CBSE,69,70,False,576
MCAT,515,510,True,123
Step 1,207,196,True,123
Step 2,239,214,True,123
CBSE,73,70,True,123
CBSE,75,70,True,123
MCAT,506,510,False,283
Step 1,233,196,True,283
Step 2,253,214,True,283
CBSE,61,70,False,283
CBSE,77,70,True,283
MCAT,514,510,True,105
Step 1,236,196,True,105
Step 2,245,214,True,105
CBSE,65,70,False,105
CBSE,57,70,False,105
MCAT,502,510,False,347
Step 1,205,196,True,347
Step 2,227,214,True,347
CBSE,53,70,False,347
CBSE,77,70,True,347
MCAT,509,510,False,677
Step 1,235,196,True,677
Step 2,249,214,True,677
CBSE,67,70,False,677
CBSE,99,70,True,677
MCAT,519,510,True,574
Step 1,259,196,True,574
Step 2,249,214,True,574
CBSE,79,70,True,574
CBSE,91,70,True,574
MCAT,516,510,True,925
Step 1,250,196,True,925
Step 2,268,214,True,925
CBSE,81,70,True,925
CBSE,76,70,True,925
MCAT,511,510,True,255
Step 1,245,196,True,255
Step 2,267,214,True,255
CBSE,72,70,True,255
CBSE,72,70,True,255
MCAT,515,510,True,687
Step 1,239,196,True,687
Step 2,251,214,True,687
CBSE,57,70,False,687
CBSE,68,70,False,687
MCAT,507,510,False,429
Step 1,222,196,True,429
Step 2,234,214,True,429
CBSE,59,70,False,429
CBSE,81,70,True,429
MCAT,517,510,True,289
Step 1,270,196,True,289
Step 2,264,214,True,289
CBSE,65,70,False,289
CBSE,82,70,True,289
MCAT,500,510,False,713
Step 1,245,196,True,713
Step 2,259,214,True,713
CBSE,71,70,True,713
CBSE,59,70,False,713
MCAT,498,510,False,869
Step 1,207,196,True,869
Step 2,225,214,True,869
CBSE,54,70,False,869
CBSE,95,70,True,869
MCAT,503,510,False,510
Step 1,259,196,True,510
Step 2,265,214,True,510
CBSE,79,70,True,510
CBSE,72,70,True,510
MCAT,496,510,False,200
Step 1,224,196,True,200
Step 2,224,214,True,200
CBSE,72,70,True,200
CBSE,64,70,False,200
MCAT,508,510,False,492
Step 1,235,196,True,492
Step 2,266,214,True,492
CBSE,59,70,False,492
CBSE,78,70,True,492
MCAT,513,510,True,610
Step 1,246,196,True,610
Step 2,247,214,True,610
CBSE,64,70,False,610
CBSE,61,70,False,610
MCAT,502,510,False,753
Step 1,211,196,True,753
Step 2,229,214,True,753
CBSE,57,70,False,753
CBSE,78,70,True,753
MCAT,506,510,False,261
Step 1,241,196,True,261
Step 2,254,214,True,261
CBSE,69,70,False,261
CBSE,74,70,True,261
MCAT,513,510,True,309
Step 1,232,196,True,309
CBSE,66,70,False,309
CBSE,96,70,True,309
MCAT,509,510,False,183
Step 1,256,196,True,183
Step 2,253,214,True,183
CBSE,79,70,True,183
CBSE,67,70,False,183
MCAT,510,510,True,575
Step 1,220,196,True,575
Step 2,254,214,True,575
CBSE,59,70,False,575
CBSE,61,70,False,575
MCAT,500,510,False,775
Step 1,220,196,True,775
Step 2,241,214,True,775
CBSE,48,70,False,775
CBSE,67,70,False,775
MCAT,496,510,False,636
Step 1,220,196,True,636
Step 2,218,214,True,636
CBSE,59,70,False,636
CBSE,64,70,False,636
MCAT,507,510,False,885
Step 1,232,196,True,885
Step 2,231,214,True,885
CBSE,59,70,False,885
CBSE,77,70,True,885
MCAT,513,510,True,620
Step 1,249,196,True,620
Step 2,262,214,True,620
CBSE,68,70,False,620
CBSE,43,70,False,620
MCAT,511,510,True,788
CBSE,54,70,False,788
CBSE,48,70,False,788
MCAT,503,510,False,346
Step 1,216,196,True,346
Step 2,215,214,True,346
CBSE,49,70,False,346
CBSE,67,70,False,346
MCAT,509,510,False,394
Step 1,248,196,True,394
Step 2,260,214,True,394
CBSE,57,70,False,394
CBSE,63,70,False,394
MCAT,506,510,False,251
Step 1,230,196,True,251
Step 2,233,214,True,251
CBSE,58,70,False,251
CBSE,49,70,False,251
MCAT,499,510,False,842
Step 1,199,196,True,842
Step 2,199,214,False,842
CBSE,19,70,False,842
CBSE,52,70,False,842
MCAT,507,510,False,369
Step 1,220,196,True,369
Step 2,262,214,True,369
CBSE,49,70,False,369
CBSE,62,70,False,369
MCAT,509,510,False,279
Step 1,233,196,True,279
Step 2,255,214,True,279
CBSE,50,70,False,279
CBSE,57,70,False,279
MCAT,503,510,False,803
Step 1,218,196,True,803
Step 2,213,214,False,803
CBSE,48,70,False,803
CBSE,81,70,True,803
MCAT,516,510,True,649
Step 1,260,196,True,649
Step 2,232,214,True,649
CBSE,76,70,True,649
CBSE,58,70,False,649
MCAT,505,510,False,740
Step 1,235,196,True,740
Step 2,254,214,True,740
CBSE,61,70,False,740
CBSE,58,70,False,740
MCAT,502,510,False,301
Step 1,227,196,True,301
Step 2,229,214,True,301
CBSE,48,70,False,301
CBSE,68,70,False,301
MCAT,514,510,True,303
Step 1,245,196,True,303
Step 2,256,214,True,303
CBSE,59,70,False,303
CBSE,57,70,False,303
MCAT,500,510,False,647
Step 1,224,196,True,647
Step 2,233,214,True,647
CBSE,42,70,False,647
CBSE,71,70,True,647
MCAT,509,510,False,536
Step 1,232,196,True,536
Step 2,246,214,True,536
CBSE,63,70,False,536
CBSE,85,70,True,536
MCAT,515,510,True,132
Step 1,260,196,True,132
Step 2,252,214,True,132
CBSE,82,70,True,132
CBSE,55,70,False,132
MCAT,503,510,False,306
Step 1,184,196,False,306
CBSE,48,70,False,306
CBSE,73,70,True,306
MCAT,508,510,False,244
Step 1,249,196,True,244
Step 2,259,214,True,244
CBSE,55,70,False,244
CBSE,60,70,False,244
MCAT,510,510,True,624
Step 1,221,196,True,624
Step 2,203,214,False,624
CBSE,55,70,False,624
CBSE,60,70,False,624
MCAT,505,510,False,756
Step 1,208,196,True,756
Step 2,238,214,True,756
CBSE,47,70,False,756
CBSE,67,70,False,756
MCAT,506,510,False,500
Step 1,251,196,True,500
Step 2,264,214,True,500
CBSE,73,70,True,500
CBSE,49,70,False,500
MCAT,500,510,False,208
Step 1,203,196,True,208
Step 2,231,214,True,208
CBSE,48,70,False,208
CBSE,55,70,False,208
MCAT,506,510,False,556
Step 1,217,196,True,556
Step 2,256,214,True,556
CBSE,48,70,False,556
CBSE,70,70,True,556
MCAT,502,510,False,338
Step 1,238,196,True,338
Step 2,258,214,True,338
CBSE,66,70,False,338
CBSE,55,70,False,338
MCAT,506,510,False,737
Step 1,218,196,True,737
Step 2,232,214,True,737
CBSE,49,70,False,737
CBSE,71,70,True,737
MCAT,497,510,False,387
Step 1,242,196,True,387
Step 2,228,214,True,387
CBSE,63,70,False,387
CBSE,65,70,False,387
MCAT,508,510,False,398
Step 1,232,196,True,398
Step 2,238,214,True,398
CBSE,57,70,False,398
CBSE,68,70,False,398
MCAT,511,510,True,580
Step 1,246,196,True,580
Step 2,261,214,True,580
CBSE,69,70,False,580
CBSE,62,70,False,580
MCAT,505,510,False,834
Step 1,221,196,True,834
Step 2,243,214,True,834
CBSE,45,70,False,834
CBSE,59,70,False,834
MCAT,511,510,True,189
Step 1,227,196,True,189
Step 2,230,214,True,189
CBSE,57,70,False,189
CBSE,67,70,False,189
MCAT,515,510,True,681
Step 1,231,196,True,681
Step 2,249,214,True,681
CBSE,67,70,False,681
CBSE,60,70,False,681
MCAT,509,510,False,403
Step 1,238,196,True,403
Step 2,240,214,True,403
CBSE,46,70,False,403
CBSE,50,70,False,403
MCAT,504,510,False,688
Step 1,216,196,True,688
Step 2,238,214,True,688
CBSE,47,70,False,688
CBSE,83,70,True,688
MCAT,515,510,True,281
Step 1,244,196,True,281
Step 2,259,214,True,281
CBSE,71,70,True,281
CBSE,54,70,False,281
MCAT,506,510,False,257
Step 1,229,196,True,257
Step 2,261,214,True,257
CBSE,46,70,False,257
CBSE,42,70,False,257
MCAT,502,510,False,702
Step 1,191,196,False,702
CBSE,45,70,False,702
CBSE,64,70,False,702
MCAT,510,510,True,933
Step 1,241,196,True,933
Step 2,254,214,True,933
CBSE,56,70,False,933
CBSE,47,70,False,933
MCAT,500,510,False,374
Step 1,215,196,True,374
Step 2,243,214,True,374
CBSE,49,70,False,374
CBSE,71,70,True,374
MCAT,502,510,False,557
Step 1,223,196,True,557
Step 2,247,214,True,557
CBSE,62,70,False,557
CBSE,72,70,True,557
MCAT,510,510,True,917
Step 1,239,196,True,917
Step 2,248,214,True,917
CBSE,58,70,False,917
CBSE,60,70,False,917
MCAT,507,510,False,792
Step 1,228,196,True,792
Step 2,248,214,True,792
CBSE,56,70,False,792
CBSE,77,70,True,792
MCAT,508,510,False,668
Step 1,258,196,True,668
Step 2,259,214,True,668
CBSE,72,70,True,668
CBSE,78,70,True,668
MCAT,513,510,True,162
Step 1,255,196,True,162
Step 2,261,214,True,162
CBSE,67,70,False,162
CBSE,49,70,False,162
MCAT,507,510,False,224
Step 1,204,196,True,224
Step 2,235,214,True,224
CBSE,42,70,False,224
CBSE,54,70,False,224
MCAT,511,510,True,924
Step 1,234,196,True,924
Step 2,248,214,True,924
CBSE,43,70,False,924
CBSE,53,70,False,924
MCAT,503,510,False,843
Step 1,222,196,True,843
Step 2,250,214,True,843
CBSE,50,70,False,843
CBSE,49,70,False,843
MCAT,505,510,False,637
Step 1,218,196,True,637
Step 2,238,214,True,637
CBSE,47,70,False,637
CBSE,46,70,False,637
MCAT,505,510,False,160
Step 1,214,196,True,160
Step 2,218,214,True,160
CBSE,41,70,False,160
CBSE,78,70,True,160
MCAT,514,510,True,801
Step 1,247,196,True,801
Step 2,266,214,True,801
CBSE,71,70,True,801
CBSE,84,70,True,801
MCAT,508,510,False,159
Step 1,257,196,True,159
Step 2,264,214,True,159
CBSE,80,70,True,159
CBSE,47,70,False,159
MCAT,519,510,True,613
Step 1,225,196,True,613
CBSE,49,70,False,613
CBSE,62,70,False,613
MCAT,506,510,False,205
Step 1,240,196,True,205
Step 2,247,214,True,205
CBSE,55,70,False,205
CBSE,67,70,False,205
MCAT,509,510,False,100
Step 1,239,196,True,100
Step 2,245,214,True,100
CBSE,59,70,False,100
CBSE,53,70,False,100
MCAT,506,510,False,785
Step 1,214,196,True,785
Step 2,246,214,True,785
CBSE,47,70,False,785
CBSE,67,70,False,785
MCAT,499,510,False,474
Step 1,227,196,True,474
Step 2,234,214,True,474
CBSE,62,70,False,474
CBSE,58,70,False,474
MCAT,510,510,True,547
Step 1,224,196,True,547
Step 2,245,214,True,547
CBSE,51,70,False,547
CBSE,57,70,False,547
MCAT,505,510,False,354
Step 1,220,196,True,354
Step 2,235,214,True,354
CBSE,47,70,False,354
CBSE,52,70,False,354
MCAT,507,510,False,596
Step 1,226,196,True,596
Step 2,247,214,True,596
CBSE,49,70,False,596
CBSE,56,70,False,596
MCAT,502,510,False,249
Step 1,218,196,True,249
Step 2,224,214,True,249
CBSE,49,70,False,249
CBSE,72,70,True,249
MCAT,511,510,True,755
Step 1,256,196,True,755
Step 2,262,214,True,755
CBSE,66,70,False,755
CBSE,45,70,False,755
MCAT,508,510,False,903
Step 1,201,196,True,903
Step 2,224,214,True,903
CBSE,37,70,False,903
CBSE,69,70,False,903
MCAT,510,510,True,846
Step 1,236,196,True,846
Step 2,251,214,True,846
CBSE,60,70,False,846
CBSE,71,70,True,846
MCAT,516,510,True,223
Step 1,247,196,True,223
Step 2,255,214,True,223
CBSE,72,70,True,223
CBSE,44,70,False,223
MCAT,500,510,False,746
Step 1,209,196,True,746
Step 2,245,214,True,746
CBSE,44,70,False,746
CBSE,42,70,False,746
MCAT,511,510,True,517
CBSE,44,70,False,517
CBSE,60,70,False,517
MCAT,506,510,False,920
Step 1,215,196,True,920
Step 2,232,214,True,920
CBSE,49,70,False,920
CBSE,46,70,False,920
MCAT,509,510,False,893
Step 1,202,196,True,893
Step 2,245,214,True,893
CBSE,47,70,False,893
CBSE,64,70,False,893
MCAT,500,510,False,618
Step 1,217,196,True,618
Step 2,230,214,True,618
CBSE,43,70,False,618
CBSE,78,70,True,618
MCAT,511,510,True,459
Step 1,244,196,True,459
Step 2,259,214,True,459
CBSE,49,70,False,459
CBSE,59,70,False,459
MCAT,503,510,False,900
Step 1,232,196,True,900
Step 2,240,214,True,900
CBSE,51,70,False,900
CBSE,77,70,True,900
MCAT,511,510,True,397
Step 1,254,196,True,397
Step 2,259,214,True,397
CBSE,66,70,False,397
CBSE,80,70,True,397
MCAT,511,510,True,272
Step 1,236,196,True,272
Step 2,252,214,True,272
CBSE,58,70,False,272
CBSE,77,70,True,272
MCAT,514,510,True,774
Step 1,249,196,True,774
Step 2,270,214,True,774
CBSE,61,70,False,774
CBSE,55,70,False,774
MCAT,504,510,False,378
Step 1,205,196,True,378
CBSE,40,70,False,378
CBSE,82,70,True,378
MCAT,506,510,False,864
Step 1,261,196,True,864
Step 2,267,214,True,864
CBSE,62,70,False,864
CBSE,64,70,False,864
MCAT,515,510,True,804
Step 1,213,196,True,804
Step 2,237,214,True,804
CBSE,47,70,False,804
CBSE,65,70,False,804
MCAT,510,510,True,538
Step 1,210,196,True,538
Step 2,217,214,True,538
CBSE,51,70,False,538
CBSE,42,70,False,538
MCAT,517,510,True,366
CBSE,47,70,False,366
CBSE,71,70,True,366
MCAT,509,510,False,728
Step 1,239,196,True,728
Step 2,256,214,True,728
CBSE,65,70,False,728
CBSE,47,70,False,728
MCAT,503,510,False,595
Step 1,213,196,True,595
Step 2,238,214,True,595
CBSE,39,70,False,595
CBSE,57,70,False,595
MCAT,506,510,False,155
Step 1,226,196,True,155
Step 2,239,214,True,155
CBSE,45,70,False,155
CBSE,81,70,True,155
MCAT,505,510,False,616
Step 1,248,196,True,616
Step 2,257,214,True,616
CBSE,68,70,False,616
CBSE,56,70,False,616
MCAT,510,510,True,863
Step 1,208,196,True,863
CBSE,51,70,False,863
CBSE,77,70,True,863
MCAT,507,510,False,313
Step 1,251,196,True,313
Step 2,269,214,True,313
CBSE,68,70,False,313
CBSE,67,70,False,313
MCAT,507,510,False,502
Step 1,239,196,True,502
Step 2,264,214,True,502
CBSE,66,70,False,502
CBSE,75,70,True,502
MCAT,510,510,True,222
Step 1,234,196,True,222
Step 2,259,214,True,222
CBSE,60,70,False,222
CBSE,78,70,True,222
MCAT,519,510,True,393
Step 1,254,196,True,393
Step 2,260,214,True,393
CBSE,65,70,False,393
CBSE,53,70,False,393
MCAT,504,510,False,931
Step 1,208,196,True,931
Step 2,246,214,True,931
CBSE,52,70,False,931
CBSE,59,70,False,931
MCAT,502,510,False,874
Step 1,200,196,True,874
Step 2,219,214,True,874
CBSE,43,70,False,874
CBSE,38,70,False,874
MCAT,509,510,False,898
CBSE,32,70,False,898
CBSE,61,70,False,898
MCAT,507,510,False,198
Step 1,228,196,True,198
Step 2,242,214,True,198
CBSE,49,70,False,198
CBSE,83,70,True,198
MCAT,510,510,True,426
Step 1,256,196,True,426
Step 2,262,214,True,426
CBSE,70,70,True,426
CBSE,73,70,True,426
MCAT,517,510,True,127
Step 1,247,196,True,127
Step 2,237,214,True,127
CBSE,62,70,False,127
CBSE,43,70,False,127
MCAT,499,510,False,130
CBSE,31,70,False,130
CBSE,60,70,False,130
MCAT,508,510,False,727
Step 1,220,196,True,727
Step 2,246,214,True,727
CBSE,47,70,False,727
CBSE,44,70,False,727
MCAT,501,510,False,419
Step 1,184,196,False,419
CBSE,37,70,False,419
CBSE,64,70,False,419
MCAT,507,510,False,402
Step 1,233,196,True,402
Step 2,237,214,True,402
CBSE,61,70,False,402
CBSE,59,70,False,402
MCAT,499,510,False,708
Step 1,220,196,True,708
Step 2,245,214,True,708
CBSE,44,70,False,708
CBSE,80,70,True,708
MCAT,519,510,True,854
Step 1,262,196,True,854
Step 2,270,214,True,854
CBSE,61,70,False,854
CBSE,50,70,False,854
MCAT,504,510,False,195
CBSE,41,70,False,195
CBSE,63,70,False,195
MCAT,515,510,True,157
Step 1,217,196,True,157
Step 2,242,214,True,157
CBSE,39,70,False,157
CBSE,71,70,True,157
MCAT,513,510,True,778
Step 1,249,196,True,778
Step 2,256,214,True,778
CBSE,60,70,False,778
CBSE,58,70,False,778
MCAT,508,510,False,760
Step 1,225,196,True,760
Step 2,256,214,True,760
CBSE,45,70,False,760
CBSE,45,70,False,760
MCAT,504,510,False,415
Step 1,195,196,False,415
Step 2,239,214,True,415
CBSE,44,70,False,415
CBSE,55,70,False,415
MCAT,506,510,False,323
Step 1,206,196,True,323
Step 2,208,214,False,323
CBSE,50,70,False,323
CBSE,49,70,False,323
MCAT,507,510,False,896
Step 1,216,196,True,896
Step 2,232,214,True,896
CBSE,44,70,False,896
CBSE,63,70,False,896
MCAT,501,510,False,109
Step 1,234,196,True,109
Step 2,243,214,True,109
CBSE,49,70,False,109
CBSE,43,70,False,109
MCAT,500,510,False,798
CBSE,33,70,False,798
CBSE,74,70,True,798
MCAT,512,510,True,377
Step 1,224,196,True,377
Step 2,249,214,True,377
CBSE,57,70,False,377
CBSE,56,70,False,377
MCAT,505,510,False,180
Step 1,220,196,True,180
Step 2,236,214,True,180
CBSE,42,70,False,180
CBSE,71,70,True,180
MCAT,509,510,False,112
Step 1,238,196,True,112
Step 2,251,214,True,112
CBSE,61,70,False,112
CBSE,87,70,True,112
MCAT,509,510,False,227
Step 1,249,196,True,227
Step 2,266,214,True,227
CBSE,69,70,False,227
CBSE,67,70,False,227
MCAT,514,510,True,867
Step 1,232,196,True,867
Step 2,256,214,True,867
CBSE,53,70,False,867
CBSE,82,70,True,867
MCAT,515,510,True,494
Step 1,246,196,True,494
Step 2,256,214,True,494
CBSE,77,70,True,494
CBSE,50,70,False,494
MCAT,502,510,False,601
Step 2,238,214,True,601
CBSE,36,70,False,601
CBSE,46,70,False,601
MCAT,509,510,False,156
CBSE,38,70,False,156
CBSE,67,70,False,156
MCAT,517,510,True,704
Step 1,229,196,True,704
Step 2,234,214,True,704
CBSE,56,70,False,704
CBSE,46,70,False,704
MCAT,509,510,False,793
Step 1,182,196,False,793
CBSE,43,70,False,793
CBSE,59,70,False,793
MCAT,505,510,False,171
Step 1,231,196,True,171
Step 2,260,214,True,171
CBSE,55,70,False,171
CBSE,53,70,False,171
MCAT,502,510,False,275
Step 1,208,196,True,275
Step 2,228,214,True,275
CBSE,41,70,False,275
CBSE,57,70,False,275
MCAT,498,510,False,305
Step 1,198,196,True,305
Step 2,243,214,True,305
CBSE,41,70,False,305
CBSE,58,70,False,305
MCAT,507,510,False,719
Step 1,223,196,True,719
Step 2,239,214,True,719
CBSE,48,70,False,719
CBSE,56,70,False,719
MCAT,511,510,True,780
CBSE,49,70,False,780
CBSE,66,70,False,780
MCAT,511,510,True,447
CBSE,57,70,False,447
CBSE,75,70,True,447
MCAT,505,510,False,859
Step 1,241,196,True,859
Step 2,264,214,True,859
CBSE,60,70,False,859
CBSE,61,70,False,859
MCAT,510,510,True,860
Step 1,214,196,True,860
Step 2,236,214,True,860
CBSE,50,70,False,860
CBSE,66,70,False,860
MCAT,508,510,False,484
Step 1,237,196,True,484
Step 2,253,214,True,484
CBSE,63,70,False,484
CBSE,55,70,False,484
MCAT,505,510,False,586
Step 1,224,196,True,586
Step 2,226,214,True,586
CBSE,42,70,False,586
CBSE,81,70,True,586
MCAT,518,510,True,897
Step 1,252,196,True,897
Step 2,264,214,True,897
CBSE,58,70,False,897
CBSE,42,70,False,897
MCAT,506,510,False,503
Step 1,193,196,False,503
CBSE,43,70,False,503
CBSE,54,70,False,503
MCAT,513,510,True,423
CBSE,49,70,False,423
CBSE,70,70,True,423
MCAT,516,510,True,812
Step 1,213,196,True,812
Step 2,244,214,True,812
CBSE,58,70,False,812
CBSE,67,70,False,812
MCAT,508,510,False,263
Step 1,220,196,True,263
Step 2,231,214,True,263
CBSE,53,70,False,263
CBSE,49,70,False,263
MCAT,504,510,False,300
CBSE,36,70,False,300
CBSE,52,70,False,300
MCAT,507,510,False,234
CBSE,27,70,False,234
CBSE,60,70,False,234
MCAT,500,510,False,630
CBSE,55,70,False,630
CBSE,80,70,True,630
MCAT,514,510,True,167
CBSE,67,70,False,167
CBSE,44,70,False,167
MCAT,503,510,False,144
CBSE,39,70,False,144
CBSE,57,70,False,144
MCAT,503,510,False,384
CBSE,49,70,False,384
CBSE,55,70,False,384
MCAT,518,510,True,816
CBSE,45,70,False,816
CBSE,44,70,False,816
MCAT,515,510,True,654
CBSE,47,70,False,654
CBSE,71,70,True,654
MCAT,521,510,True,581
CBSE,67,70,False,581
CBSE,74,70,True,581
MCAT,504,510,False,655
CBSE,59,70,False,655
CBSE,65,70,False,655
MCAT,502,510,False,232
CBSE,47,70,False,232
CBSE,44,70,False,232
MCAT,503,510,False,514
CBSE,44,70,False,514
CBSE,51,70,False,514
MCAT,501,510,False,333
CBSE,46,70,False,333
CBSE,40,70,False,333
MCAT,510,510,True,233
CBSE,38,70,False,233
CBSE,49,70,False,233
MCAT,498,510,False,665
CBSE,35,70,False,665
CBSE,43,70,False,665
MCAT,505,510,False,329
CBSE,51,70,False,329
CBSE,68,70,False,329
MCAT,509,510,False,629
CBSE,61,70,False,629
CBSE,42,70,False,629
MCAT,498,510,False,593
Step 2,228,214,True,593
CBSE,46,70,False,593
CBSE,47,70,False,593
MCAT,514,510,True,673
CBSE,55,70,False,673
CBSE,54,70,False,673
MCAT,507,510,False,794
CBSE,49,70,False,794
CBSE,53,70,False,794
MCAT,505,510,False,685
CBSE,51,70,False,685
CBSE,56,70,False,685
MCAT,508,510,False,735
CBSE,59,70,False,735
CBSE,73,70,True,735
MCAT,510,510,True,395
CBSE,67,70,False,395
CBSE,55,70,False,395
MCAT,498,510,False,928
CBSE,49,70,False,928
CBSE,61,70,False,928
MCAT,498,510,False,699
CBSE,53,70,False,699
CBSE,81,70,True,699
MCAT,521,510,True,296
CBSE,66,70,False,296
CBSE,69,70,False,296
MCAT,508,510,False,827
CBSE,59,70,False,827
CBSE,49,70,False,827
MCAT,503,510,False,312
CBSE,51,70,False,312
CBSE,78,70,True,312
MCAT,514,510,True,485
CBSE,64,70,False,485
CBSE,65,70,False,485
MCAT,513,510,True,455
CBSE,61,70,False,455
CBSE,52,70,False,455
MCAT,503,510,False,151
CBSE,50,70,False,151
CBSE,47,70,False,151
MCAT,505,510,False,667
CBSE,49,70,False,667
CBSE,69,70,False,667
MCAT,512,510,True,467
CBSE,48,70,False,467
CBSE,72,70,True,467
MCAT,513,510,True,516
CBSE,55,70,False,516
CBSE,44,70,False,516
MCAT,504,510,False,381
CBSE,35,70,False,381
CBSE,61,70,False,381
MCAT,523,510,True,360
CBSE,49,70,False,360
CBSE,69,70,False,360
MCAT,515,510,True,676
CBSE,57,70,False,676
CBSE,48,70,False,676
MCAT,508,510,False,802
CBSE,46,70,False,802
CBSE,62,70,False,802
MCAT,512,510,True,181
CBSE,64,70,False,181
CBSE,58,70,False,181
MCAT,508,510,False,646
CBSE,57,70,False,646
CBSE,50,70,False,646
MCAT,505,510,False,551
CBSE,43,70,False,551
CBSE,70,70,True,551
MCAT,503,510,False,865
CBSE,64,70,False,865
CBSE,54,70,False,865
MCAT,502,510,False,304
CBSE,49,70,False,304
CBSE,57,70,False,304
MCAT,507,510,False,149
CBSE,57,70,False,149
CBSE,41,70,False,149
MCAT,510,510,True,457
CBSE,44,70,False,457
CBSE,55,70,False,457
MCAT,508,510,False,439
CBSE,51,70,False,439
CBSE,47,70,False,439
MCAT,504,510,False,762
CBSE,42,70,False,762
CBSE,48,70,False,762
MCAT,500,510,False,476
CBSE,49,70,False,476
CBSE,47,70,False,476
MCAT,500,510,False,140
CBSE,46,70,False,140
CBSE,52,70,False,140
MCAT,506,510,False,527
CBSE,43,70,False,527
CBSE,55,70,False,527
MCAT,518,510,True,614
CBSE,50,70,False,614
CBSE,93,70,True,614
MCAT,524,510,True,336
CBSE,87,70,True,336
CBSE,64,70,False,336
MCAT,506,510,False,723
CBSE,60,70,False,723
CBSE,48,70,False,723
MCAT,512,510,True,450
CBSE,45,70,False,450
CBSE,77,70,True,450
MCAT,511,510,True,619
CBSE,63,70,False,619
CBSE,47,70,False,619
MCAT,520,510,True,365
CBSE,39,70,False,365
CBSE,48,70,False,365
MCAT,507,510,False,236
CBSE,41,70,False,236
CBSE,59,70,False,236
MCAT,511,510,True,855
CBSE,44,70,False,855
CBSE,60,70,False,855
MCAT,507,510,False,739
CBSE,50,70,False,739
CBSE,69,70,False,739
MCAT,514,510,True,471
CBSE,62,70,False,471
CBSE,50,70,False,471
MCAT,514,510,True,442
CBSE,44,70,False,442
CBSE,66,70,False,442
MCAT,518,510,True,135
CBSE,65,70,False,135
CBSE,47,70,False,135
MCAT,507,510,False,823
CBSE,53,70,False,823
CBSE,57,70,False,823
MCAT,520,510,True,325
CBSE,54,70,False,325
CBSE,59,70,False,325
MCAT,512,510,True,295
CBSE,64,70,False,295
CBSE,64,70,False,295
MCAT,509,510,False,238
CBSE,58,70,False,238
CBSE,61,70,False,238
MCAT,514,510,True,722
CBSE,61,70,False,722
CBSE,52,70,False,722
MCAT,512,510,True,178
CBSE,39,70,False,178
CBSE,55,70,False,178
MCAT,506,510,False,626
CBSE,52,70,False,626
CBSE,63,70,False,626
MCAT,503,510,False,235
CBSE,59,70,False,235
CBSE,46,70,False,235
MCAT,507,510,False,884
CBSE,46,70,False,884
CBSE,54,70,False,884
MCAT,498,510,False,427
CBSE,47,70,False,427
CBSE,65,70,False,427
MCAT,512,510,True,712
CBSE,51,70,False,712
CBSE,64,70,False,712
MCAT,520,510,True,448
CBSE,54,70,False,448
CBSE,58,70,False,448
MCAT,510,510,True,469
CBSE,47,70,False,469
CBSE,61,70,False,469
MCAT,514,510,True,835
CBSE,55,70,False,835
CBSE,73,70,True,835
MCAT,509,510,False,631
CBSE,66,70,False,631
CBSE,72,70,True,631
MCAT,515,510,True,331
CBSE,64,70,False,331
CBSE,63,70,False,331
MCAT,506,510,False,546
CBSE,56,70,False,546
CBSE,63,70,False,546
MCAT,507,510,False,322
CBSE,53,70,False,322
CBSE,41,70,False,322
MCAT,496,510,False,830
CBSE,40,70,False,830
CBSE,58,70,False,830
MCAT,497,510,False,934
CBSE,52,70,False,934
CBSE,65,70,False,934
MCAT,515,510,True,299
CBSE,65,70,False,299
CBSE,52,70,False,299
MCAT,499,510,False,809
CBSE,50,70,False,809
CBSE,39,70,False,809
MCAT,501,510,False,672
CBSE,37,70,False,672
CBSE,50,70,False,672
MCAT,504,510,False,579
CBSE,40,70,False,579
MCAT,516,510,True,349
CBSE,73,70,True,349
MCAT,514,510,True,340
CBSE,76,70,True,340
CBSE,56,70,False,340
MCAT,510,510,True,657
CBSE,55,70,False,657
CBSE,48,70,False,657
MCAT,499,510,False,628
CBSE,46,70,False,628
CBSE,43,70,False,628
MCAT,503,510,False,582
CBSE,39,70,False,582
CBSE,41,70,False,582
MCAT,502,510,False,302
CBSE,47,70,False,302
CBSE,43,70,False,302
MCAT,509,510,False,431
CBSE,44,70,False,431
CBSE,42,70,False,431
MCAT,506,510,False,695
CBSE,40,70,False,695
CBSE,53,70,False,695
MCAT,506,510,False,545
CBSE,42,70,False,545
CBSE,54,70,False,545
MCAT,508,510,False,691
CBSE,49,70,False,691
CBSE,75,70,True,691
MCAT,508,510,False,650
CBSE,67,70,False,650
CBSE,67,70,False,650
MCAT,513,510,True,220
CBSE,57,70,False,220
CBSE,56,70,False,220
MCAT,509,510,False,841
CBSE,50,70,False,841
CBSE,67,70,False,841
MCAT,503,510,False,258
CBSE,55,70,False,258
MCAT,497,510,False,828
CBSE,55,70,False,828
CBSE,57,70,False,828
MCAT,504,510,False,372
CBSE,49,70,False,372
CBSE,50,70,False,372
MCAT,503,510,False,573
CBSE,53,70,False,573
CBSE,43,70,False,573
MCAT,512,510,True,192
CBSE,44,70,False,192
CBSE,49,70,False,192
MCAT,497,510,False,480
CBSE,38,70,False,480
CBSE,51,70,False,480
MCAT,507,510,False,662
CBSE,53,70,False,662
CBSE,41,70,False,662
MCAT,511,510,True,356
CBSE,43,70,False,356
CBSE,59,70,False,356
MCAT,502,510,False,923
CBSE,52,70,False,923
CBSE,47,70,False,923
MCAT,501,510,False,454
CBSE,51,70,False,454
CBSE,47,70,False,454
MCAT,512,510,True,600
CBSE,48,70,False,600
CBSE,53,70,False,600
MCAT,515,510,True,743
CBSE,45,70,False,743
CBSE,45,70,False,743
MCAT,504,510,False,418
CBSE,50,70,False,418
CBSE,47,70,False,418
MCAT,499,510,False,204
CBSE,44,70,False,204
CBSE,40,70,False,204
MCAT,512,510,True,932
CBSE,42,70,False,932
CBSE,69,70,False,932
MCAT,510,510,True,250
CBSE,60,70,False,250
CBSE,51,70,False,250
MCAT,507,510,False,425
CBSE,49,70,False,425
CBSE,55,70,False,425
MCAT,502,510,False,328
CBSE,49,70,False,328
CBSE,49,70,False,328
MCAT,505,510,False,844
CBSE,44,70,False,844
CBSE,68,70,False,844
MCAT,513,510,True,505
CBSE,55,70,False,505
CBSE,67,70,False,505
MCAT,511,510,True,353
CBSE,60,70,False,353
CBSE,42,70,False,353
MCAT,505,510,False,124
CBSE,36,70,False,124
MCAT,499,510,False,862
CBSE,43,70,False,862
CBSE,51,70,False,862
MCAT,520,510,True,524
CBSE,44,70,False,524
CBSE,66,70,False,524
MCAT,516,510,True,131
CBSE,58,70,False,131
MCAT,501,510,False,153
CBSE,40,70,False,153
CBSE,54,70,False,153
MCAT,508,510,False,118
CBSE,54,70,False,118
CBSE,50,70,False,118
MCAT,510,510,True,337
CBSE,45,70,False,337
CBSE,61,70,False,337
MCAT,512,510,True,729
CBSE,57,70,False,729
CBSE,42,70,False,729
MCAT,508,510,False,330
CBSE,38,70,False,330
CBSE,42,70,False,330
MCAT,507,510,False,196
CBSE,41,70,False,196
CBSE,41,70,False,196
MCAT,506,510,False,879
CBSE,42,70,False,879
CBSE,46,70,False,879
MCAT,516,510,True,653
CBSE,44,70,False,653
CBSE,57,70,False,653
MCAT,499,510,False,243
CBSE,49,70,False,243
CBSE,62,70,False,243
MCAT,507,510,False,141
CBSE,47,70,False,141
CBSE,47,70,False,141
MCAT,514,510,True,479
CBSE,50,70,False,479
CBSE,47,70,False,479
MCAT,502,510,False,851
CBSE,48,70,False,851
CBSE,39,70,False,851
MCAT,498,510,False,916
CBSE,38,70,False,916
CBSE,54,70,False,916
MCAT,512,510,True,848
CBSE,50,70,False,848
CBSE,52,70,False,848
MCAT,502,510,False,184
CBSE,54,70,False,184
CBSE,64,70,False,184
MCAT,514,510,True,114
CBSE,59,70,False,114
CBSE,38,70,False,114
MCAT,505,510,False,341
CBSE,38,70,False,341
MCAT,503,510,False,530
MCAT,500,510,False,421
MCAT,503,510,False,684
MCAT,522,510,True,870
MCAT,517,510,True,821
MCAT,506,510,False,357
MCAT,503,510,False,260
MCAT,519,510,True,203
MCAT,512,510,True,592
MCAT,511,510,True,286
MCAT,511,510,True,350
MCAT,505,510,False,635
MCAT,506,510,False,764
MCAT,507,510,False,840
MCAT,509,510,False,697
MCAT,505,510,False,179
MCAT,507,510,False,789
MCAT,507,510,False,605
MCAT,508,510,False,814
MCAT,512,510,True,632
MCAT,511,510,True,473
MCAT,506,510,False,706
MCAT,506,510,False,433
MCAT,508,510,False,754
MCAT,512,510,True,470
MCAT,516,510,True,277
MCAT,509,510,False,496
MCAT,505,510,False,819
MCAT,505,510,False,533
MCAT,509,510,False,445
MCAT,500,510,False,154
MCAT,506,510,False,906
MCAT,499,510,False,432
MCAT,502,510,False,310
MCAT,505,510,False,315
MCAT,505,510,False,486
MCAT,504,510,False,363
MCAT,506,510,False,342
MCAT,510,510,True,698
MCAT,498,510,False,237
MCAT,512,510,True,675
MCAT,521,510,True,430
MCAT,499,510,False,509
MCAT,517,510,True,443
MCAT,510,510,True,583
MCAT,504,510,False,150
MCAT,501,510,False,128
MCAT,508,510,False,644
MCAT,501,510,False,806
MCAT,498,510,False,409
MCAT,499,510,False,197
MCAT,508,510,False,231
MCAT,516,510,True,173
MCAT,504,510,False,174
MCAT,508,510,False,768
MCAT,507,510,False,682
MCAT,512,510,True,273
MCAT,517,510,True,147
MCAT,506,510,False,126
MCAT,507,510,False,889
MCAT,512,510,True,185
MCAT,507,510,False,910
MCAT,519,510,True,562
MCAT,505,510,False,552
MCAT,507,510,False,269
MCAT,504,510,False,507
MCAT,509,510,False,891
MCAT,509,510,False,549
MCAT,506,510,False,913
MCAT,512,510,True,407
MCAT,515,510,True,191
MCAT,499,510,False,408
MCAT,515,510,True,416
MCAT,499,510,False,176
MCAT,507,510,False,886
MCAT,509,510,False,921
MCAT,498,510,False,523
MCAT,502,510,False,663
MCAT,508,510,False,164
MCAT,504,510,False,894
MCAT,507,510,False,274
MCAT,512,510,True,678
MCAT,508,510,False,558
MCAT,510,510,True,833
MCAT,516,510,True,824
MCAT,507,510,False,761
MCAT,512,510,True,116
MCAT,516,510,True,311
MCAT,502,510,False,424
MCAT,507,510,False,664
MCAT,519,510,True,475
MCAT,509,510,False,152
MCAT,515,510,True,240
MCAT,507,510,False,757
MCAT,506,510,False,401
MCAT,508,510,False,905
MCAT,519,510,True,599
MCAT,518,510,True,741
MCAT,504,510,False,724
MCAT,506,510,False,412
MCAT,506,510,False,642
MCAT,515,510,True,259
MCAT,502,510,False,608
MCAT,500,510,False,121
MCAT,510,510,True,927
MCAT,523,510,True,710
MCAT,515,510,True,808
MCAT,503,510,False,217
MCAT,501,510,False,578
MCAT,504,510,False,218
MCAT,511,510,True,389
MCAT,507,510,False,435
MCAT,523,510,True,449
MCAT,500,510,False,211
MCAT,520,510,True,853
MCAT,510,510,True,541
MCAT,500,510,False,659
MCAT,520,510,True,588
MCAT,498,510,False,453
MCAT,507,510,False,731
MCAT,509,510,False,375
MCAT,501,510,False,145
MCAT,500,510,False,138
MCAT,515,510,True,771
MCAT,512,510,True,591
MCAT,505,510,False,730
MCAT,502,510,False,117
MCAT,504,510,False,877
MCAT,506,510,False,528
MCAT,505,510,False,399
MCAT,511,510,True,820
MCAT,512,510,True,930
MCAT,506,510,False,194
MCAT,505,510,False,852
MCAT,513,510,True,587
MCAT,502,510,False,290
MCAT,513,510,True,420
MCAT,509,510,False,914
MCAT,504,510,False,134
MCAT,511,510,True,298
